-- phpMyAdmin SQL Dump
-- version 5.2.0
-- https://www.phpmyadmin.net/
--
-- Máy chủ: 127.0.0.1
-- Thời gian đã tạo: Th10 10, 2023 lúc 03:47 PM
-- Phiên bản máy phục vụ: 10.4.24-MariaDB
-- Phiên bản PHP: 8.1.6

SET SQL_MODE = "NO_AUTO_VALUE_ON_ZERO";
START TRANSACTION;
SET time_zone = "+00:00";


/*!40101 SET @OLD_CHARACTER_SET_CLIENT=@@CHARACTER_SET_CLIENT */;
/*!40101 SET @OLD_CHARACTER_SET_RESULTS=@@CHARACTER_SET_RESULTS */;
/*!40101 SET @OLD_COLLATION_CONNECTION=@@COLLATION_CONNECTION */;
/*!40101 SET NAMES utf8mb4 */;

--
-- Cơ sở dữ liệu: `shop_quan_ao`
--

-- --------------------------------------------------------

--
-- Cấu trúc bảng cho bảng `danh_muc`
--

CREATE TABLE `danh_muc` (
  `id` int(11) NOT NULL,
  `ten` varchar(255) NOT NULL,
  `mo_ta` text DEFAULT NULL
) ENGINE=InnoDB DEFAULT CHARSET=utf8mb4;

--
-- Đang đổ dữ liệu cho bảng `danh_muc`
--

INSERT INTO `danh_muc` (`id`, `ten`, `mo_ta`) VALUES
(1, 'A', 'B\r\n'),
(2, 'C', 'D');

-- --------------------------------------------------------

--
-- Cấu trúc bảng cho bảng `don_hang`
--

CREATE TABLE `don_hang` (
  `id` int(11) NOT NULL,
  `khach_hang_id` int(11) DEFAULT NULL,
  `tong_gia` int(11) DEFAULT NULL,
  `trang_thai` varchar(255) DEFAULT NULL
) ENGINE=InnoDB DEFAULT CHARSET=utf8mb4;

--
-- Đang đổ dữ liệu cho bảng `don_hang`
--

INSERT INTO `don_hang` (`id`, `khach_hang_id`, `tong_gia`, `trang_thai`) VALUES
(1, 1, 90, 'Đang xử lý'),
(35, 34, 30, 'Đang xử lý'),
(36, 35, 660, 'Đang xử lý');

-- --------------------------------------------------------

--
-- Cấu trúc bảng cho bảng `don_hang_chi_tiet`
--

CREATE TABLE `don_hang_chi_tiet` (
  `id` int(11) NOT NULL,
  `don_hang_id` int(11) DEFAULT NULL,
  `san_pham_id` int(11) DEFAULT NULL,
  `so_luong` int(11) DEFAULT NULL,
  `gia` int(11) DEFAULT NULL
) ENGINE=InnoDB DEFAULT CHARSET=utf8mb4;

--
-- Đang đổ dữ liệu cho bảng `don_hang_chi_tiet`
--

INSERT INTO `don_hang_chi_tiet` (`id`, `don_hang_id`, `san_pham_id`, `so_luong`, `gia`) VALUES
(1, 1, 1, 3, 30),
(24, 35, 1, 1, 30),
(25, 36, 1, 2, 30),
(26, 36, 2, 2, 300);

-- --------------------------------------------------------

--
-- Cấu trúc bảng cho bảng `khach_hang`
--

CREATE TABLE `khach_hang` (
  `id` int(11) NOT NULL,
  `ten` varchar(255) NOT NULL,
  `email` varchar(255) NOT NULL,
  `so_dien_thoai` varchar(255) DEFAULT NULL,
  `dia_chi` varchar(255) DEFAULT NULL
) ENGINE=InnoDB DEFAULT CHARSET=utf8mb4;

--
-- Đang đổ dữ liệu cho bảng `khach_hang`
--

INSERT INTO `khach_hang` (`id`, `ten`, `email`, `so_dien_thoai`, `dia_chi`) VALUES
(1, 'A', 'A@gmail.com', '3', '3'),
(34, '1', '1', '1', '1'),
(35, '2', '2', '2', '2');

-- --------------------------------------------------------

--
-- Cấu trúc bảng cho bảng `ma_giam_gia`
--

CREATE TABLE `ma_giam_gia` (
  `id` int(11) NOT NULL,
  `ma` varchar(255) NOT NULL,
  `giam_gia` int(11) NOT NULL,
  `thoi_han_su_dung` datetime DEFAULT NULL
) ENGINE=InnoDB DEFAULT CHARSET=utf8mb4;

-- --------------------------------------------------------

--
-- Cấu trúc bảng cho bảng `quyen`
--

CREATE TABLE `quyen` (
  `id` int(11) NOT NULL,
  `ten` varchar(255) NOT NULL,
  `mo_ta` text DEFAULT NULL
) ENGINE=InnoDB DEFAULT CHARSET=utf8mb4;

-- --------------------------------------------------------

--
-- Cấu trúc bảng cho bảng `san_pham`
--

CREATE TABLE `san_pham` (
  `id` int(11) NOT NULL,
  `ten` varchar(255) NOT NULL,
  `danh_muc_id` int(11) DEFAULT NULL,
  `mo_ta` text DEFAULT NULL,
  `hinh_anh` varchar(255) DEFAULT NULL,
  `gia` int(11) NOT NULL,
  `so_luong` int(11) NOT NULL
) ENGINE=InnoDB DEFAULT CHARSET=utf8mb4;

--
-- Đang đổ dữ liệu cho bảng `san_pham`
--

INSERT INTO `san_pham` (`id`, `ten`, `danh_muc_id`, `mo_ta`, `hinh_anh`, `gia`, `so_luong`) VALUES
(1, 'A', 1, 'A', 'messi-mu.jpg', 30, 3),
(2, 'B', 2, 'B', 'quan-1.jpg', 300, 30);

-- --------------------------------------------------------

--
-- Cấu trúc bảng cho bảng `tai_khoan`
--

CREATE TABLE `tai_khoan` (
  `id` int(11) NOT NULL,
  `email` varchar(255) NOT NULL,
  `PASSWORD` varchar(255) NOT NULL,
  `role` varchar(255) NOT NULL
) ENGINE=InnoDB DEFAULT CHARSET=utf8mb4;

--
-- Đang đổ dữ liệu cho bảng `tai_khoan`
--

INSERT INTO `tai_khoan` (`id`, `email`, `PASSWORD`, `role`) VALUES
(1, '3', '3', '1');

--
-- Chỉ mục cho các bảng đã đổ
--

--
-- Chỉ mục cho bảng `danh_muc`
--
ALTER TABLE `danh_muc`
  ADD PRIMARY KEY (`id`);

--
-- Chỉ mục cho bảng `don_hang`
--
ALTER TABLE `don_hang`
  ADD PRIMARY KEY (`id`),
  ADD KEY `fk_khach_hang_id` (`khach_hang_id`);

--
-- Chỉ mục cho bảng `don_hang_chi_tiet`
--
ALTER TABLE `don_hang_chi_tiet`
  ADD PRIMARY KEY (`id`),
  ADD KEY `fk_don_hang_id` (`don_hang_id`);

--
-- Chỉ mục cho bảng `khach_hang`
--
ALTER TABLE `khach_hang`
  ADD PRIMARY KEY (`id`),
  ADD UNIQUE KEY `email` (`email`);

--
-- Chỉ mục cho bảng `ma_giam_gia`
--
ALTER TABLE `ma_giam_gia`
  ADD PRIMARY KEY (`id`),
  ADD UNIQUE KEY `ma` (`ma`);

--
-- Chỉ mục cho bảng `quyen`
--
ALTER TABLE `quyen`
  ADD PRIMARY KEY (`id`);

--
-- Chỉ mục cho bảng `san_pham`
--
ALTER TABLE `san_pham`
  ADD PRIMARY KEY (`id`),
  ADD KEY `fk_danh_muc_id` (`danh_muc_id`);

--
-- Chỉ mục cho bảng `tai_khoan`
--
ALTER TABLE `tai_khoan`
  ADD PRIMARY KEY (`id`),
  ADD UNIQUE KEY `email` (`email`);

--
-- AUTO_INCREMENT cho các bảng đã đổ
--

--
-- AUTO_INCREMENT cho bảng `danh_muc`
--
ALTER TABLE `danh_muc`
  MODIFY `id` int(11) NOT NULL AUTO_INCREMENT, AUTO_INCREMENT=3;

--
-- AUTO_INCREMENT cho bảng `don_hang`
--
ALTER TABLE `don_hang`
  MODIFY `id` int(11) NOT NULL AUTO_INCREMENT, AUTO_INCREMENT=37;

--
-- AUTO_INCREMENT cho bảng `don_hang_chi_tiet`
--
ALTER TABLE `don_hang_chi_tiet`
  MODIFY `id` int(11) NOT NULL AUTO_INCREMENT, AUTO_INCREMENT=27;

--
-- AUTO_INCREMENT cho bảng `khach_hang`
--
ALTER TABLE `khach_hang`
  MODIFY `id` int(11) NOT NULL AUTO_INCREMENT, AUTO_INCREMENT=36;

--
-- AUTO_INCREMENT cho bảng `ma_giam_gia`
--
ALTER TABLE `ma_giam_gia`
  MODIFY `id` int(11) NOT NULL AUTO_INCREMENT;

--
-- AUTO_INCREMENT cho bảng `quyen`
--
ALTER TABLE `quyen`
  MODIFY `id` int(11) NOT NULL AUTO_INCREMENT;

--
-- AUTO_INCREMENT cho bảng `san_pham`
--
ALTER TABLE `san_pham`
  MODIFY `id` int(11) NOT NULL AUTO_INCREMENT, AUTO_INCREMENT=3;

--
-- AUTO_INCREMENT cho bảng `tai_khoan`
--
ALTER TABLE `tai_khoan`
  MODIFY `id` int(11) NOT NULL AUTO_INCREMENT, AUTO_INCREMENT=2;

--
-- Các ràng buộc cho các bảng đã đổ
--

--
-- Các ràng buộc cho bảng `don_hang`
--
ALTER TABLE `don_hang`
  ADD CONSTRAINT `fk_khach_hang_id` FOREIGN KEY (`khach_hang_id`) REFERENCES `khach_hang` (`id`);

--
-- Các ràng buộc cho bảng `don_hang_chi_tiet`
--
ALTER TABLE `don_hang_chi_tiet`
  ADD CONSTRAINT `fk_don_hang_id` FOREIGN KEY (`don_hang_id`) REFERENCES `don_hang` (`id`);

--
-- Các ràng buộc cho bảng `san_pham`
--
ALTER TABLE `san_pham`
  ADD CONSTRAINT `fk_danh_muc_id` FOREIGN KEY (`danh_muc_id`) REFERENCES `danh_muc` (`id`);
COMMIT;

/*!40101 SET CHARACTER_SET_CLIENT=@OLD_CHARACTER_SET_CLIENT */;
/*!40101 SET CHARACTER_SET_RESULTS=@OLD_CHARACTER_SET_RESULTS */;
/*!40101 SET COLLATION_CONNECTION=@OLD_COLLATION_CONNECTION */;
